view_00,0.156996393970,0.076572257627,0.139271491463,0.000000000,0.000000000,320.000000000
view_01,0.607328406457,-0.079956301566,0.253588990462,0.000000000,0.000000000,330.000000000
view_02,0.292901134176,0.562657843722,0.928963714760,0.000000000,0.000000000,330.000000000
view_03,-0.462574618404,0.504811613443,1.601057889369,0.000000000,0.000000000,330.000000000
view_04,-0.714485286682,-0.295949495860,2.266057821606,0.000000000,0.000000000,330.000000000
view_05,0.251528682679,0.359220186806,-0.343487713853,55.000000000,35.000000000,290.000000000
view_06,-0.204601655152,0.393036122695,0.601021640398,-55.000000000,35.000000000,290.000000000
view_07,-0.483946621870,0.000000000000,1.543573191960,-55.000000000,-35.000000000,290.000000000
view_08,-0.266142305072,-0.511254611274,2.479548333138,55.000000000,-35.000000000,290.000000000
view_09,0.538591125116,0.587769073439,-0.578753108001,0.000000000,0.000000000,360.000000000
view_10,-0.172549059883,0.778318511715,0.578753108001,0.000000000,0.000000000,367.000000000
view_11,-0.832505242746,0.344834962292,1.725893412893,0.000000000,0.000000000,374.000000000
view_12,-0.988738046495,-0.629895605151,2.827575373964,0.000000000,0.000000000,381.000000000
view_13,0.304264268298,-0.255308035309,1.725568413156,-70.000000000,5.000000000,270.000000000
view_14,-0.234874050066,-0.279911992973,-1.036140795160,70.000000000,-5.000000000,275.000000000
